8:56 AM,9:00 AM,7:45 AM,7:45 AM,8:05 AM,7:45 AM
8:40 AM,8:40 AM,8:30 AM,8:30 AM,8:45 AM,8:20 AM
8:45 AM,8:20 AM,8:05 AM,8:00 AM,8:05 AM,8:00 AM
8:40 AM,8:40 AM,8:40 AM,8:25 AM,8:40 AM,8:40 AM
8:55 AM,8:50 AM,8:55 AM,8:10 AM,8:15 AM,8:05 AM
8:45 AM,8:45 AM,8:45 AM,8:40 AM,8:30 AM,8:40 AM
8:45 AM,8:54 AM,8:38 AM,8:40 AM,8:32 AM,8:41 AM
absent,11:00 AM,8:35 AM,8:15 AM,8:10 AM,8:10 AM
8:39 AM,8:13 AM,8:15 AM,8:12 AM,8:10 AM,8:00 AM
9:00 AM,8:50 AM,8:50 AM,8:50 AM,8:40 AM,8:45 AM
8:40 AM,8:50 AM,8:40 AM,8:34 AM,8:20 AM,8:30 AM
8:15 AM,8:30 AM,8:13 AM,8:30 AM,7:45 AM,8:40 AM
8:45 AM,8:55 AM,8:45 AM,8:45 AM,8:00 AM,8:45 AM
8:45 AM,8:45 AM,8:05 AM,8:00 AM,8:00 AM,8:00 AM
8:45 AM,8:45 AM,9:00 AM,9:00 AM,8:50 AM,9:00 AM
8:15 AM,8:40 AM,8:25 AM,8:30 AM,7:30 AM,8:25 AM
8:45 AM,8:40 AM,8:45 AM,8:55 AM,8:45 AM,8:45 AM
8:45 AM,9:00 AM,9:00 AM,9:00 AM,9:00 AM,9:00 AM
8:50 AM,8:50 AM,8:57 AM,8:42 AM,8:35 AM,8:30 AM
8:15 AM,9:00 AM,8:35 AM,9:00 AM,8:58 AM,8:20 AM
8:45 AM,8:35 AM,8:27 AM,8:46 AM,8:31 AM,8:37 AM
8:45 AM,8:45 AM,9:00 AM,8:57 AM,8:57 AM,8:50 AM
8:45 AM,8:50 AM,8:30 AM,8:45 AM,8:50 AM,8:10 AM